coord_id,chrom,pos,ref,A,C,G,T,N,INS,DEL
8_77278317,8,77278317,A,36422,64,31,3258,3,0,24
10_85098187,10,85098187,T,367,46,62,30052,4,0,0
12_14360667,12,14360667,C,22,28883,22,143,4,0,1
7_104224267,7,104224267,G,38,3118,24506,13,1,0,0
9_21661182,9,21661182,A,28503,32,29,22,1,0,3
3_153035307,3,153035307,C,18,20054,29,2658,1,0,1
6_123273671,6,123273671,C,61,32000,25,221,5,1,0
10_79655624,10,79655624,C,72,19364,19,2174,1,9,0
8_29807728,8,29807728,C,36,28589,45,4641,4,0,0
16_31959979,16,31959979,C,200,28575,23,19,3,0,0
1_57946304,1,57946304,A,24354,2174,508,36,4,0,5
18_53003818,18,53003818,A,32140,161,40,126,2,0,0
9_112281075,9,112281075,C,31,23047,1101,20,3,0,0
16_76477501,16,76477501,C,56,31456,39,268,5,0,0
3_93808794,3,93808794,T,78,2136,59,21191,6,0,3
5_45973108,5,45973108,C,93,30134,58,2404,1,0,1
19_49540088,19,49540088,T,16,1639,83,19864,1,0,5
7_19073100,7,19073100,T,27,3702,66,38684,3,0,2
14_28721059,14,28721059,G,2748,26,20196,134,4,0,1
6_147144569,6,147144569,A,24068,2097,24,19,5,0,0
3_19004251,3,19004251,T,10,38,41,27307,2,0,0
10_114124598,10,114124598,C,14,18722,20,3450,7,0,1
20_46043546,20,46043546,C,35,22415,134,4201,3,0,49
2_32884931,2,32884931,T,19,5512,40,23940,3,0,0
9_18421312,9,18421312,A,27186,79,3335,42,5,0,0
18_15309418,18,15309418,A,28083,67,47,165,2,0,2
15_77227420,15,77227420,G,124,2258,27215,44,5,0,5
15_62308870,15,62308870,C,29,28786,37,2261,6,0,1
8_75942690,8,75942690,G,478,1650,35081,59,8,0,3
16_75708653,16,75708653,G,14,2374,20511,28,1,0,0
18_36299789,18,36299789,C,160,28040,26,27,1,0,0
6_83247427,6,83247427,C,32,30036,14,186,3,0,0
3_184485729,3,184485729,G,2374,25,21272,27,0,0,2
3_148891234,3,148891234,C,60,29523,213,35,3,1,2
11_38083464,11,38083464,C,155,33760,26,24,6,0,1
16_78027163,16,78027163,A,29719,74,181,24,2,0,1
3_74288980,3,74288980,T,1627,19,48,27256,3,0,0
11_35615140,11,35615140,C,48,28178,21,3252,5,0,1
5_25499513,5,25499513,G,3858,21,28094,26,8,0,3
7_91421832,7,91421832,C,39,33415,299,1670,14,0,2
1_81303619,1,81303619,A,33990,113,253,49,5,0,1
12_120134159,12,120134159,T,19,2147,70,25209,5,0,0
9_125991788,9,125991788,T,61,53,120,30267,5,0,7
7_19460317,7,19460317,G,21,14,28372,25,2,1,2
17_12314846,17,12314846,C,1527,25409,26,103,2,0,1
15_82131912,15,82131912,C,167,26696,21,2747,1,0,3
21_25412449,21,25412449,A,32214,38,21,29,6,0,0
14_87138170,14,87138170,A,32299,35,46,39,5,0,0
11_43719250,11,43719250,G,26,185,28725,16,8,0,0
5_120517623,5,120517623,C,44,32283,292,61,4,0,2
15_32315400,15,32315400,C,65,31585,30,40,2,1,0
5_131458318,5,131458318,A,37977,55,2538,178,2,4,13
2_51022028,2,51022028,A,32364,198,34,50,5,0,2
3_132391430,3,132391430,T,160,30,34,36710,5,1,1
2_175314453,2,175314453,T,33,1531,64,27108,2,0,0
X_129714558,X,129714558,G,20,22,20193,1916,2,0,5
9_30066535,9,30066535,C,59,32903,19,230,3,0,2
11_11433012,11,11433012,T,22,247,100,24089,3,0,1
11_25426201,11,25426201,T,97,1754,22,23332,4,0,1
6_34611714,6,34611714,A,27467,93,2428,28,4,0,8
X_46654699,X,46654699,T,38,1275,59,12461,3,0,2
2_128732349,2,128732349,T,29,37,320,29152,4,0,0
8_68545926,8,68545926,A,25841,361,18,144,5,18,0
11_14152043,11,14152043,T,32,4301,96,30262,4,0,2
2_71610378,2,71610378,G,13,2660,27689,97,2,0,0
6_96607122,6,96607122,G,70,230,29735,2734,8,0,11
15_85194200,15,85194200,A,28458,105,1846,36,3,0,6
2_170523038,2,170523038,G,19,22,21703,7238,7,0,0
5_67054790,5,67054790,T,86,68,260,28240,6,0,0
X_95983334,X,95983334,A,17995,220,1832,24,3,0,0
15_55298860,15,55298860,G,14,107,26410,1996,8,0,0
17_19826031,17,19826031,G,2117,182,23130,23,3,0,0
2_177785673,2,177785673,A,28361,43,1089,183,5,0,0
11_102000665,11,102000665,C,93,25294,2328,83,4,1,1
14_36787042,14,36787042,A,33419,56,381,25,4,0,6
2_40721541,2,40721541,C,112,22047,24,1254,4,0,2
6_99559482,6,99559482,G,1652,341,29073,47,8,0,0
2_82599203,2,82599203,T,7,5735,27,18247,6,0,1
6_108831153,6,108831153,G,40,49,27905,1664,4,0,0
11_96905241,11,96905241,A,31177,55,39,1444,2,0,0
17_38202244,17,38202244,A,29495,2115,273,126,3,0,0
11_128219879,11,128219879,T,2129,55,52,21981,3,0,6
4_66772932,4,66772932,A,32400,43,19,24,1,1,1
5_102945784,5,102945784,C,93,30016,32,2257,7,0,2
13_63271373,13,63271373,G,39,287,33172,48,6,0,0
9_112573180,9,112573180,G,16,9,21773,142,4,0,0
10_47533760,10,47533760,A,8792,9,2053,2,0,0,0
17_78527028,17,78527028,G,149,23,29550,39,1,0,0
3_156944558,3,156944558,A,25127,49,2589,19,4,0,0
5_94473635,5,94473635,T,32,293,1786,30287,3,0,0
20_40434056,20,40434056,G,227,30,27552,82,5,1,1
14_61411265,14,61411265,T,146,26,1882,29638,2,0,0
5_166741761,5,166741761,A,32893,20,26,26,7,0,24
Y_7564705,Y,7564705,C,18,12593,2,9,6,0,4
7_47741917,7,47741917,G,1479,23,25201,9,4,0,1
5_142866983,5,142866983,T,28,2004,98,26441,2,0,2
6_141562905,6,141562905,G,3409,39,22387,51,2,0,0
7_3201174,7,3201174,T,2009,49,264,25583,6,0,3
2_146809202,2,146809202,A,34557,37,781,16,2,0,1
8_80389283,8,80389283,A,29298,44,25,16,3,0,0
